strain	length	A	C	G	T	N	other_IUPAC	-	?	invalid_nucleotides
FCoV1_CSU5_Ascites_WY_USA_2023	7795	2203	1264	1676	2652	0	0	0	0	0
FCoV1_CSU11_Pleural_fluid_WY_USA_2023	7795	2205	1262	1675	2653	0	0	0	0	0
FCoV1_CSU12_whole_blood_WY_USA_2023	7795	2203	1263	1675	2654	0	0	0	0	0
FCoV1_CSU12_pleural_fluid_WY_USA_2023	7795	2203	1262	1675	2655	0	0	0	0	0
FCoV1_CSU7_kidney_WY_USA_2023	7795	2203	1261	1677	2654	0	0	0	0	0
FCoV1_CSU7_GI_loop_WY_USA_2023	7795	2203	1261	1677	2654	0	0	0	0	0
FCoV1_CSU7_lymph_node_WY_USA_2023	7795	2203	1261	1676	2655	0	0	0	0	0
FCoV1_CSU7_Spleen_WY_USA_2023	7795	2203	1261	1677	2654	0	0	0	0	0
FCoV1_1302_1_FL_USA_2024	7798	2175	1269	1694	2660	0	0	0	0	0
FCoV1_1304_1_FL_USA_2024	7798	2175	1267	1693	2663	0	0	0	0	0
FCoV1_1320_2_FL_USA_2024	7795	2171	1284	1696	2644	0	0	0	0	0
FCoV1_1306_1_FL_USA_2024	7795	2173	1276	1698	2648	0	0	0	0	0
FCoV1_1308_1_FL_USA_2024	7795	2173	1280	1698	2644	0	0	0	0	0
FCoV1_1308_3_FL_USA_2024	7795	2169	1282	1701	2643	0	0	0	0	0
FCoV1_1305_1_FL_USA_2024	7798	2184	1283	1689	2642	0	0	0	0	0
FCoV1_1326_1_FL_USA_2024	7798	2165	1285	1692	2656	0	0	0	0	0
FCoV1_FPV3_2017_Australia_ON595855	7780	2181	1287	1681	2631	0	0	0	0	0
FCoV2_79_1146_USA_1979_AY994055	7810	2193	1261	1683	2673	0	0	0	0	0
FCoV1_UU11_Netherlands_2007_FJ938052	7792	2198	1268	1666	2660	0	0	0	0	0
FCoV1_UU10_Netherlands_2007_FJ938059	7792	2195	1262	1664	2655	0	16	0	0	0
FCoV1_UU8_Netherlands_2007_FJ938055	7798	2196	1281	1666	2654	0	1	0	0	0
FCoV1_UU9_Netherlands_2007_FJ938062	7798	2203	1254	1683	2654	0	4	0	0	0
FCoV1_UU31_Netherlands_2008_HQ012371	7798	2205	1267	1677	2644	0	5	0	0	0
FCoV1_UU30_Netherlands_2008_HQ392472	7798	2222	1251	1669	2656	0	0	0	0	0
FCoV1_UU23_Netherlands_2007_GU553362	7795	2179	1262	1681	2673	0	0	0	0	0
FCoV1_UU22_Netherlands_2007_GU553361	7795	2181	1262	1680	2672	0	0	0	0	0
FCoV1_UU17_Netherlands_2007_HQ012367	7795	2178	1266	1679	2670	0	2	0	0	0
FCoV1_UU24_Netherlands_2008_HQ012370	7795	2200	1263	1675	2655	0	2	0	0	0
FCoV1_felix_Germany_2012_MG893511	7798	2213	1244	1659	2682	0	0	0	0	0
FCoV1_2601_M54_MED_COL	7795	2199	1263	1679	2654	0	0	0	0	0
FCoV1_2610_M27_MED_COL	7795	2205	1260	1672	2658	0	0	0	0	0
FCoV1_2610_M22_MED_COL	7795	2207	1258	1668	2662	0	0	0	0	0
FCoV1_2564_M5MF_MED_COL	7795	2206	1256	1671	2662	0	0	0	0	0
FCoV1_2598_M18_2_MED_COL	7795	2206	1256	1672	2661	0	0	0	0	0
FCoV1_2599_M12_2_MED_COL	7798	2208	1254	1669	2667	0	0	0	0	0
FCoV1_2357_M25MF_MED_COL	7795	2206	1262	1670	2657	0	0	0	0	0
FCoV1_2396_M16MF_MED_COL	7795	2202	1259	1671	2663	0	0	0	0	0
FCoV1_2610_M20_MED_COL	7795	2202	1264	1674	2655	0	0	0	0	0
FCoV1_2598_M42_MED_COL	7792	2200	1260	1678	2653	0	1	0	0	0
FCoV1_2357_M21MF_MED_COL	7795	2198	1264	1677	2656	0	0	0	0	0
FCoV1_2364_M40MF_MED_COL	7795	2197	1266	1677	2655	0	0	0	0	0
FCoV1_2610_M25_MED_COL	7795	2185	1262	1688	2660	0	0	0	0	0
FCoV1_2598_M47_MED_COL	7795	2199	1263	1683	2650	0	0	0	0	0
FCoV1_2598_M44_MED_COL	7795	2222	1277	1657	2639	0	0	0	0	0
FCoV1_2364_M37MF_MED_COL	7795	2218	1237	1663	2677	0	0	0	0	0
FCoV1_2357_M28MF_MED_COL	7795	2218	1237	1663	2677	0	0	0	0	0
FCoV1_2396_M12MF_MED_COL	7795	2219	1237	1663	2676	0	0	0	0	0
FCoV1_2396_M17MF_MED_COL	7795	2219	1238	1664	2674	0	0	0	0	0
FCoV1_2357_M23MF_MED_COL	7795	2220	1233	1666	2676	0	0	0	0	0
FCoV1_2610_M28_MED_COL	7795	2193	1289	1674	2639	0	0	0	0	0
FCoV1_UU2_USA_1993_FJ938060	7783	2193	1242	1683	2665	0	0	0	0	0
FCoV1_UU5_Netherlands_2007_FJ938056	7795	2194	1263	1667	2671	0	0	0	0	0
FCoV1_UU20_Netherlands_2007_HQ392471	7798	2207	1265	1677	2638	0	11	0	0	0
FCoV2_NTU156_Taiwan_2007_GQ152141	7795	2215	1260	1651	2669	0	0	0	0	0
FCoV1_UU15_Netherlands_2007_FJ938057	7798	2200	1237	1674	2673	0	14	0	0	0
FCoV1_OM1164_pallas_cat_USA_2008_PP854701	7792	2174	1271	1685	2661	0	1	0	0	0
FCoV1_DCB091_USA_2008_PP854702	7792	2169	1267	1687	2667	0	2	0	0	0
FCoV2_DC_597_PA_USA_2016	7795	2187	1261	1675	2672	0	0	0	0	0
FCoV2_178_3_TN_USA_2011	7795	2188	1266	1685	2656	0	0	0	0	0
FCoV2_186_5_TN_USA_2011	7795	2186	1267	1688	2654	0	0	0	0	0
FCoV1_13HRBef_China_2016_KY566211	7795	2185	1279	1676	2655	0	0	0	0	0
FCoV1_11HRBef_China_2016_KY566210	7795	2185	1279	1676	2655	0	0	0	0	0
FCoV1_HLJ_HRB_China_2016_KY566209	7795	2185	1279	1676	2655	0	0	0	0	0
FCoV1_UU7_Netherlands_2007_FJ938053	7795	2213	1244	1675	2663	0	0	0	0	0
FCoV1_UU4_Netherlands_2007_FJ938054	7795	2213	1249	1663	2670	0	0	0	0	0
FCoV1_RM_USA_2002_FJ938051	7783	2168	1274	1686	2653	0	2	0	0	0
FCoV1_FPV4_2017_Australia_ON595856	7798	2210	1263	1671	2654	0	0	0	0	0
FCoV1_FPV5_2017_Australia_ON595857	7795	2199	1258	1681	2657	0	0	0	0	0
FCoV1_FPV6_2017_Australia_ON595858	7792	2192	1273	1690	2637	0	0	0	0	0
FCoV1_HC5_2018_Australia_ON595866	7795	2191	1277	1688	2639	0	0	0	0	0
FCoV1_HC7_2018_Australia_ON595868	7795	2198	1260	1693	2644	0	0	0	0	0
FCoV1_HC6_2018_Australia_ON595867	7795	2198	1264	1691	2642	0	0	0	0	0
FCoV1_FPV1_2017_Australia_ON595853	7795	2198	1265	1690	2642	0	0	0	0	0
FCoV1_HC2_2018_Australia_ON595863	7795	2197	1263	1693	2642	0	0	0	0	0
FCoV1_HC1_2018_Australia_ON595871	7792	2190	1303	1670	2629	0	0	0	0	0
FCoV1_HC8_2018_Australia_ON595869	7792	2189	1310	1675	2618	0	0	0	0	0
FCoV1_FPV2_Australia_2017_ON595854	7792	2193	1278	1663	2658	0	0	0	0	0
FCoV1_FM3_USA_2020_sand_cat_OP542206	7795	2214	1277	1651	2653	0	0	0	0	0
FCoV1_DC_344_AR_USA_2013	7792	2182	1262	1686	2662	0	0	0	0	0
FCoV1_SB22_Brazil_2016_MH817484	7792	2192	1258	1689	2653	0	0	0	0	0
FCoV23_C8_Wi_8299_2023_Cyprus_PQ133181	7792	2168	1251	1693	2680	0	0	0	0	0
FCoV23_H8_So_8842_2023_Cyprus_PQ133194	7792	2166	1245	1695	2686	0	0	0	0	0
FCoV23_F9_Fe_9265_2023_Cyprus_PQ133190	7792	2165	1251	1695	2681	0	0	0	0	0
FCoV23_D9_Ni_9183_2023_Cyprus_PQ133185	7792	2170	1246	1692	2684	0	0	0	0	0
FCoV23_E9_Mi_9160_2023_Cyprus_PQ133188	7792	2167	1250	1695	2680	0	0	0	0	0
FCoV23_F12_BW_11350_2023_Cyprus_PQ133177	7792	2160	1243	1701	2688	0	0	0	0	0
FCoV23_A9_Do_9045_2023_Cyprus_PQ133179	7792	2170	1247	1694	2681	0	0	0	0	0
FCoV1_2069_M1H_DC_BUC_COL	7795	2204	1262	1674	2655	0	0	0	0	0
FCoV1_1327_2_FL_USA_2024	7795	2218	1294	1670	2613	0	0	0	0	0
FCoV2_WSU_79_1683_USA_1979_JN634064	7774	2183	1263	1665	2663	0	0	0	0	0
FCoV1_26M_United_Kingdom_2013_KP143512	7798	2208	1256	1642	2692	0	0	0	0	0
FCoV1_27C_United_Kingdom_2013_KP143507	7798	2208	1256	1642	2692	0	0	0	0	0
FCoV1_80F_United_Kingdom_2013_KP143511	7798	2209	1256	1641	2692	0	0	0	0	0
FCoV1_67F_United_Kingdom_2013_KP143510	7798	2211	1255	1640	2692	0	0	0	0	0
FCoV1_65F_United_Kingdom_2013_KP143509	7798	2209	1254	1641	2694	0	0	0	0	0
FCoV1_C1Je_United_Kingdom_2002_DQ848678	7795	2217	1249	1628	2701	0	0	0	0	0
FCoV2_DC_344_AR_USA_2013	7792	2183	1251	1677	2681	0	0	0	0	0
FCoV2_DC_346_AR_USA_2013	7792	2189	1248	1663	2692	0	0	0	0	0
FCoV1_1197_1_NY_USA_6FEB23	7795	2198	1267	1679	2651	0	0	0	0	0
FCoV1_1197_11_NY_USA_20OCT24	7795	2195	1273	1680	2647	0	0	0	0	0
FCoV1_1197_24_NY_USA_2JULY25	7795	2196	1264	1683	2652	0	0	0	0	0
FCoV1_1197_9_NY_USA_23SEPT24	7795	2197	1268	1680	2649	0	1	0	0	0
FCoV1_1197_13_NY_USA_10DEC24	7795	2196	1271	1679	2648	0	1	0	0	0
FCoV1_1197_16_NY_USA_13JAN25	7795	2195	1272	1680	2648	0	0	0	0	0
FCoV1_1197_17_NY_USA_2FEB25	7795	2197	1266	1680	2651	0	1	0	0	0
FCoV1_1197_18_NY_USA_16FEB25	7795	2198	1270	1678	2649	0	0	0	0	0
FCoV1_1197_21_NY_USA_7APRIL25	7795	2196	1268	1682	2649	0	0	0	0	0
FCoV1_1197_22_NY_USA_6JUNE25	7795	2198	1267	1679	2651	0	0	0	0	0
FCoV1_1197_3_NY_USA_5APRIL23	7795	2200	1266	1679	2650	0	0	0	0	0
FCoV1_1197_4_NY_USA_11JULY23	7795	2200	1268	1678	2649	0	0	0	0	0
FCoV1_1197_5_NY_USA_24JUNE24	7795	2198	1265	1679	2653	0	0	0	0	0
FCoV1_1197_6_NY_USA_27JUNE24	7795	2197	1266	1680	2652	0	0	0	0	0
